temp,temp
0,2010-06-01
1,78.0
2,2010-06-02
3,76.0
4,2010-06-03
5,78.0
6,2010-06-04
7,76.0
8,2010-06-05
9,77.0
10,2010-06-06
11,78.0
12,2010-06-07
13,77.0
14,2010-06-08
15,78.0
16,2010-06-09
17,78.0
18,2010-06-10
19,79.0
20,2010-06-11
21,78.0
22,2010-06-12
23,78.0
24,2010-06-13
25,78.0
26,2010-06-14
27,77.0
28,2010-06-15
29,78.0
30,2010-06-16
31,78.0
32,2010-06-17
33,77.0
34,2010-06-18
35,77.0
36,2010-06-19
37,82.0
38,2010-06-20
39,78.0
40,2010-06-21
41,78.0
42,2010-06-22
43,78.0
44,2010-06-23
45,78.0
46,2010-06-24
47,78.0
48,2010-06-25
49,77.0
50,2010-06-26
51,76.0
52,2010-06-27
53,78.0
54,2010-06-28
55,78.0
56,2010-06-29
57,78.0
58,2010-06-30
59,78.0
60,2011-06-01
61,77.0
62,2011-06-02
63,78.0
64,2011-06-03
65,73.0
66,2011-06-04
67,70.0
68,2011-06-05
69,76.0
70,2011-06-06
71,77.0
72,2011-06-07
73,77.0
74,2011-06-08
75,77.0
76,2011-06-09
77,77.0
78,2011-06-10
79,78.0
80,2011-06-11
81,77.0
82,2011-06-12
83,77.0
84,2011-06-13
85,78.0
86,2011-06-14
87,78.0
88,2011-06-15
89,77.0
90,2011-06-17
91,78.0
92,2011-06-18
93,78.0
94,2011-06-19
95,75.0
96,2011-06-20
97,76.0
98,2011-06-21
99,76.0
100,2011-06-24
101,77.0
102,2011-06-25
103,78.0
104,2011-06-26
105,76.0
106,2011-06-27
107,77.0
108,2011-06-28
109,75.0
110,2011-06-29
111,77.0
112,2012-06-01
113,76.0
114,2012-06-02
115,76.0
116,2012-06-03
117,75.0
118,2012-06-04
119,77.0
120,2012-06-05
121,77.0
122,2012-06-06
123,76.0
124,2012-06-07
125,78.0
126,2012-06-08
127,77.0
128,2012-06-09
129,76.0
130,2012-06-10
131,77.0
132,2012-06-11
133,76.0
134,2012-06-12
135,76.0
136,2012-06-13
137,77.0
138,2012-06-14
139,77.0
140,2012-06-15
141,78.0
142,2012-06-16
143,77.0
144,2012-06-17
145,77.0
146,2012-06-18
147,77.0
148,2012-06-19
149,76.0
150,2012-06-20
151,75.0
152,2012-06-21
153,76.0
154,2012-06-22
155,76.0
156,2012-06-23
157,77.0
158,2012-06-24
159,76.0
160,2012-06-25
161,73.0
162,2012-06-26
163,73.0
164,2012-06-27
165,75.0
166,2012-06-28
167,77.0
168,2012-06-29
169,76.0
170,2012-06-30
171,77.0
172,2013-06-01
173,79.0
174,2013-06-02
175,78.0
176,2013-06-03
177,79.0
178,2013-06-04
179,78.0
180,2013-06-05
181,78.0
182,2013-06-06
183,79.0
184,2013-06-07
185,77.0
186,2013-06-08
187,77.0
188,2013-06-09
189,77.0
190,2013-06-10
191,77.0
192,2013-06-11
193,77.0
194,2013-06-12
195,78.0
196,2013-06-13
197,77.0
198,2013-06-14
199,76.0
200,2013-06-15
201,78.0
202,2013-06-16
203,78.0
204,2013-06-17
205,77.0
206,2013-06-18
207,78.0
208,2013-06-19
209,78.0
210,2013-06-20
211,73.0
212,2013-06-21
213,76.0
214,2013-06-22
215,77.0
216,2013-06-23
217,75.0
218,2013-06-24
219,76.0
220,2013-06-25
221,74.0
222,2013-06-26
223,75.0
224,2013-06-27
225,77.0
226,2013-06-28
227,76.0
228,2013-06-29
229,77.0
230,2013-06-30
231,78.0
232,2014-06-01
233,79.0
234,2014-06-02
235,77.0
236,2014-06-03
237,78.0
238,2014-06-04
239,79.0
240,2014-06-05
241,78.0
242,2014-06-06
243,78.0
244,2014-06-07
245,78.0
246,2014-06-08
247,78.0
248,2014-06-09
249,79.0
250,2014-06-10
251,79.0
252,2014-06-11
253,82.0
254,2014-06-12
255,80.0
256,2014-06-13
257,79.0
258,2014-06-14
259,79.0
260,2014-06-15
261,78.0
262,2014-06-16
263,78.0
264,2014-06-17
265,77.0
266,2014-06-18
267,78.0
268,2014-06-19
269,78.0
270,2014-06-20
271,73.0
272,2014-06-21
273,75.0
274,2014-06-22
275,75.0
276,2014-06-23
277,76.0
278,2014-06-24
279,84.0
280,2014-06-25
281,79.0
282,2014-06-26
283,76.0
284,2014-06-27
285,79.0
286,2014-06-28
287,79.0
288,2014-06-29
289,77.0
290,2014-06-30
291,79.0
292,2015-06-01
293,78.0
294,2015-06-02
295,78.0
296,2015-06-03
297,79.0
298,2015-06-04
299,77.0
300,2015-06-05
301,79.0
302,2015-06-06
303,78.0
304,2015-06-07
305,78.0
306,2015-06-08
307,78.0
308,2015-06-09
309,79.0
310,2015-06-10
311,77.0
312,2015-06-11
313,78.0
314,2015-06-12
315,78.0
316,2015-06-13
317,78.0
318,2015-06-14
319,78.0
320,2015-06-15
321,79.0
322,2015-06-16
323,79.0
324,2015-06-17
325,77.0
326,2015-06-18
327,78.0
328,2015-06-19
329,78.0
330,2015-06-20
331,78.0
332,2015-06-21
333,79.0
334,2015-06-22
335,79.0
336,2015-06-23
337,77.0
338,2015-06-24
339,79.0
340,2015-06-25
341,79.0
342,2015-06-26
343,79.0
344,2015-06-27
345,81.0
346,2015-06-28
347,76.0
348,2015-06-29
349,80.0
350,2015-06-30
351,78.0
352,2016-06-01
353,76.0
354,2016-06-02
355,71.0
356,2016-06-03
357,71.0
358,2016-06-04
359,74.0
360,2016-06-05
361,76.0
362,2016-06-06
363,78.0
364,2016-06-07
365,77.0
366,2016-06-08
367,77.0
368,2016-06-09
369,73.0
370,2016-06-10
371,77.0
372,2016-06-11
373,78.0
374,2016-06-12
375,78.0
376,2016-06-13
377,80.0
378,2016-06-14
379,79.0
380,2016-06-15
381,78.0
382,2016-06-16
383,77.0
384,2016-06-17
385,76.0
386,2016-06-18
387,77.0
388,2016-06-19
389,77.0
390,2016-06-20
391,78.0
392,2016-06-21
393,80.0
394,2016-06-22
395,79.0
396,2016-06-23
397,79.0
398,2016-06-24
399,77.0
400,2016-06-25
401,78.0
402,2016-06-26
403,79.0
404,2016-06-27
405,80.0
406,2016-06-28
407,76.0
408,2016-06-29
409,79.0
410,2016-06-30
411,80.0
412,2017-06-01
413,79.0
414,2017-06-02
415,79.0
416,2017-06-03
417,79.0
418,2017-06-04
419,79.0
420,2017-06-05
421,80.0
422,2017-06-06
423,79.0
424,2017-06-07
425,79.0
426,2017-06-08
427,80.0
428,2017-06-09
429,80.0
430,2017-06-10
431,77.0
432,2017-06-11
433,79.0
434,2017-06-12
435,83.0
436,2017-06-13
437,80.0
438,2017-06-14
439,80.0
440,2017-06-15
441,78.0
442,2017-06-16
443,79.0
444,2017-06-17
445,80.0
446,2017-06-18
447,77.0
448,2017-06-19
449,80.0
450,2017-06-20
451,78.0
452,2017-06-21
453,79.0
454,2017-06-22
455,80.0
456,2017-06-23
457,78.0
458,2017-06-24
459,80.0
460,2017-06-25
461,80.0
462,2017-06-26
463,81.0
464,2017-06-27
465,80.0
466,2017-06-28
467,79.0
468,2017-06-29
469,79.0
470,2017-06-30
471,75.0
472,2010-06-01
473,74.0
474,2010-06-02
475,76.0
476,2010-06-03
477,75.0
478,2010-06-04
479,75.0
480,2010-06-05
481,74.0
482,2010-06-06
483,75.0
484,2010-06-07
485,75.0
486,2010-06-08
487,75.0
488,2010-06-09
489,75.0
490,2010-06-10
491,75.0
492,2010-06-11
493,83.0
494,2010-06-12
495,75.0
496,2010-06-13
497,76.0
498,2010-06-14
499,73.0
500,2010-06-15
501,74.0
502,2010-06-16
503,74.0
504,2010-06-17
505,75.0
506,2010-06-18
507,70.0
508,2010-06-19
509,74.0
510,2010-06-20
511,75.0
512,2010-06-21
513,75.0
514,2010-06-22
515,75.0
516,2010-06-23
517,75.0
518,2010-06-24
519,75.0
520,2010-06-25
521,74.0
522,2010-06-26
523,72.0
524,2010-06-27
525,76.0
526,2010-06-28
527,73.0
528,2010-06-29
529,75.0
530,2010-06-30
531,76.0
532,2011-06-01
533,74.0
534,2011-06-02
535,75.0
536,2011-06-03
537,71.0
538,2011-06-04
539,69.0
540,2011-06-05
541,69.0
542,2011-06-06
543,74.0
544,2011-06-07
545,71.0
546,2011-06-08
547,74.0
548,2011-06-09
549,74.0
550,2011-06-10
551,75.0
552,2011-06-11
553,73.0
554,2011-06-12
555,73.0
556,2011-06-13
557,73.0
558,2011-06-14
559,75.0
560,2011-06-15
561,75.0
562,2011-06-16
563,74.0
564,2011-06-17
565,74.0
566,2011-06-18
567,75.0
568,2011-06-19
569,74.0
570,2011-06-20
571,73.0
572,2011-06-21
573,72.0
574,2011-06-22
575,74.0
576,2011-06-23
577,72.0
578,2011-06-24
579,75.0
580,2011-06-25
581,76.0
582,2011-06-26
583,74.0
584,2011-06-27
585,74.0
586,2011-06-28
587,74.0
588,2011-06-29
589,74.0
590,2011-06-30
591,74.0
592,2012-06-01
593,71.0
594,2012-06-02
595,71.0
596,2012-06-03
597,75.0
598,2012-06-04
599,72.0
600,2012-06-05
601,72.0
602,2012-06-06
603,73.0
604,2012-06-07
605,73.0
606,2012-06-08
607,73.0
608,2012-06-09
609,74.0
610,2012-06-10
611,73.0
612,2012-06-11
613,72.0
614,2012-06-12
615,72.0
616,2012-06-13
617,70.0
618,2012-06-14
619,72.0
620,2012-06-15
621,72.0
622,2012-06-16
623,72.0
624,2012-06-17
625,74.0
626,2012-06-18
627,73.0
628,2012-06-19
629,73.0
630,2012-06-20
631,70.0
632,2012-06-21
633,73.0
634,2012-06-22
635,72.0
636,2012-06-23
637,73.0
638,2012-06-24
639,69.0
640,2012-06-25
641,72.0
642,2012-06-26
643,71.0
644,2012-06-27
645,71.0
646,2012-06-28
647,73.0
648,2012-06-29
649,73.0
650,2012-06-30
651,72.0
652,2013-06-01
653,75.0
654,2013-06-02
655,75.0
656,2013-06-03
657,75.0
658,2013-06-04
659,75.0
660,2013-06-05
661,74.0
662,2013-06-06
663,74.0
664,2013-06-07
665,74.0
666,2013-06-08
667,75.0
668,2013-06-09
669,75.0
670,2013-06-10
671,74.0
672,2013-06-11
673,75.0
674,2013-06-12
675,75.0
676,2013-06-13
677,74.0
678,2013-06-14
679,72.0
680,2013-06-15
681,74.0
682,2013-06-16
683,74.0
684,2013-06-17
685,74.0
686,2013-06-18
687,74.0
688,2013-06-19
689,74.0
690,2013-06-20
691,72.0
692,2013-06-21
693,70.0
694,2013-06-22
695,75.0
696,2013-06-23
697,74.0
698,2013-06-24
699,71.0
700,2013-06-25
701,71.0
702,2013-06-26
703,70.0
704,2013-06-27
705,73.0
706,2013-06-28
707,71.0
708,2013-06-29
709,71.0
710,2013-06-30
711,77.0
712,2014-06-01
713,77.0
714,2014-06-02
715,74.0
716,2014-06-03
717,73.0
718,2014-06-04
719,75.0
720,2014-06-05
721,75.0
722,2014-06-06
723,74.0
724,2014-06-07
725,74.0
726,2014-06-08
727,75.0
728,2014-06-09
729,75.0
730,2014-06-10
731,72.0
732,2014-06-11
733,74.0
734,2014-06-12
735,76.0
736,2014-06-13
737,76.0
738,2014-06-14
739,75.0
740,2014-06-15
741,75.0
742,2014-06-16
743,74.0
744,2014-06-17
745,72.0
746,2014-06-18
747,74.0
748,2014-06-19
749,75.0
750,2014-06-20
751,70.0
752,2014-06-21
753,71.0
754,2014-06-22
755,72.0
756,2014-06-23
757,71.0
758,2014-06-24
759,73.0
760,2014-06-25
761,74.0
762,2014-06-26
763,72.0
764,2014-06-27
765,74.0
766,2014-06-28
767,76.0
768,2014-06-29
769,72.0
770,2014-06-30
771,75.0
772,2015-06-03
773,75.0
774,2015-06-04
775,72.0
776,2015-06-05
777,70.0
778,2015-06-06
779,76.0
780,2015-06-07
781,78.0
782,2015-06-08
783,72.0
784,2015-06-09
785,74.0
786,2015-06-10
787,74.0
788,2015-06-11
789,72.0
790,2015-06-12
791,71.0
792,2015-06-13
793,79.0
794,2015-06-14
795,79.0
796,2015-06-15
797,76.0
798,2015-06-16
799,75.0
800,2015-06-17
801,72.0
802,2015-06-18
803,74.0
804,2015-06-19
805,76.0
806,2015-06-20
807,76.0
808,2015-06-21
809,77.0
810,2015-06-22
811,75.0
812,2015-06-23
813,76.0
814,2015-06-24
815,75.0
816,2015-06-25
817,75.0
818,2015-06-26
819,76.0
820,2015-06-27
821,76.0
822,2015-06-29
823,74.0
824,2016-06-01
825,70.0
826,2016-06-02
827,69.0
828,2016-06-03
829,70.0
830,2016-06-04
831,68.0
832,2016-06-05
833,70.0
834,2016-06-06
835,74.0
836,2016-06-07
837,75.0
838,2016-06-08
839,74.0
840,2016-06-09
841,71.0
842,2016-06-10
843,73.0
844,2016-06-11
845,75.0
846,2016-06-12
847,74.0
848,2016-06-13
849,76.0
850,2016-06-14
851,76.0
852,2016-06-15
853,76.0
854,2016-06-16
855,76.0
856,2016-06-17
857,75.0
858,2016-06-18
859,75.0
860,2016-06-19
861,75.0
862,2016-06-20
863,74.0
864,2016-06-21
865,73.0
866,2016-06-22
867,76.0
868,2016-06-23
869,74.0
870,2016-06-24
871,78.0
872,2016-06-25
873,71.0
874,2016-06-26
875,75.0
876,2016-06-27
877,75.0
878,2016-06-28
879,74.0
880,2016-06-29
881,77.0
882,2016-06-30
883,77.0
884,2017-06-01
885,76.0
886,2017-06-02
887,76.0
888,2017-06-03
889,76.0
890,2017-06-04
891,78.0
892,2017-06-05
893,76.0
894,2017-06-06
895,75.0
896,2017-06-07
897,75.0
898,2017-06-08
899,76.0
900,2017-06-09
901,78.0
902,2017-06-10
903,75.0
904,2017-06-11
905,73.0
906,2017-06-12
907,76.0
908,2017-06-13
909,76.0
910,2017-06-14
911,76.0
912,2017-06-15
913,77.0
914,2017-06-16
915,76.0
916,2017-06-17
917,77.0
918,2017-06-18
919,72.0
920,2017-06-19
921,77.0
922,2017-06-20
923,75.0
924,2017-06-21
925,82.0
926,2017-06-22
927,77.0
928,2017-06-23
929,76.0
930,2017-06-24
931,74.0
932,2017-06-25
933,73.0
934,2017-06-26
935,77.0
936,2017-06-27
937,77.0
938,2017-06-28
939,77.0
940,2017-06-29
941,76.0
942,2017-06-30
943,74.0
944,2010-06-01
945,73.0
946,2010-06-02
947,72.0
948,2010-06-03
949,74.0
950,2010-06-04
951,73.0
952,2010-06-05
953,72.0
954,2010-06-06
955,75.0
956,2010-06-07
957,74.0
958,2010-06-08
959,75.0
960,2010-06-09
961,73.0
962,2010-06-10
963,75.0
964,2010-06-11
965,76.0
966,2010-06-12
967,74.0
968,2010-06-13
969,74.0
970,2010-06-14
971,73.0
972,2010-06-15
973,73.0
974,2010-06-16
975,76.0
976,2010-06-17
977,75.0
978,2010-06-18
979,70.0
980,2010-06-19
981,75.0
982,2010-06-20
983,73.0
984,2010-06-21
985,74.0
986,2010-06-22
987,74.0
988,2010-06-23
989,74.0
990,2010-06-24
991,74.0
992,2010-06-25
993,70.0
994,2010-06-27
995,75.0
996,2010-06-28
997,74.0
998,2010-06-29
999,73.0
1000,2010-06-30
1001,74.0
1002,2011-06-01
1003,72.0
1004,2011-06-02
1005,73.0
1006,2011-06-03
1007,67.0
1008,2011-06-04
1009,69.0
1010,2011-06-05
1011,76.0
1012,2011-06-06
1013,73.0
1014,2011-06-07
1015,70.0
1016,2011-06-08
1017,72.0
1018,2011-06-09
1019,74.0
1020,2011-06-10
1021,72.0
1022,2011-06-13
1023,72.0
1024,2011-06-14
1025,75.0
1026,2011-06-15
1027,73.0
1028,2011-06-16
1029,73.0
1030,2011-06-17
1031,72.0
1032,2011-06-18
1033,74.0
1034,2011-06-19
1035,76.0
1036,2011-06-21
1037,72.0
1038,2011-06-22
1039,74.0
1040,2011-06-23
1041,70.0
1042,2011-06-24
1043,74.0
1044,2011-06-25
1045,74.0
1046,2011-06-27
1047,74.0
1048,2011-06-28
1049,71.0
1050,2012-06-21
1051,75.0
1052,2012-06-22
1053,75.0
1054,2012-06-24
1055,76.0
1056,2012-06-25
1057,77.0
1058,2012-06-26
1059,75.0
1060,2012-06-27
1061,74.0
1062,2012-06-28
1063,75.0
1064,2012-06-29
1065,76.0
1066,2012-06-30
1067,78.0
1068,2013-06-03
1069,78.0
1070,2013-06-04
1071,76.0
1072,2013-06-05
1073,78.0
1074,2013-06-06
1075,76.0
1076,2013-06-07
1077,76.0
1078,2013-06-08
1079,78.0
1080,2013-06-09
1081,79.0
1082,2013-06-10
1083,77.0
1084,2013-06-11
1085,76.0
1086,2013-06-12
1087,77.0
1088,2013-06-13
1089,77.0
1090,2013-06-14
1091,76.0
1092,2013-06-16
1093,78.0
1094,2013-06-17
1095,76.0
1096,2013-06-18
1097,76.0
1098,2013-06-19
1099,77.0
1100,2013-06-20
1101,71.0
1102,2013-06-25
1103,74.0
1104,2013-06-26
1105,72.0
1106,2013-06-27
1107,77.0
1108,2014-06-01
1109,77.0
1110,2014-06-02
1111,78.0
1112,2014-06-03
1113,77.0
1114,2014-06-04
1115,77.0
1116,2014-06-05
1117,76.0
1118,2014-06-06
1119,75.0
1120,2014-06-07
1121,79.0
1122,2014-06-09
1123,75.0
1124,2014-06-10
1125,73.0
1126,2014-06-11
1127,76.0
1128,2014-06-12
1129,78.0
1130,2014-06-13
1131,77.0
1132,2014-06-14
1133,78.0
1134,2014-06-16
1135,76.0
1136,2014-06-17
1137,75.0
1138,2014-06-18
1139,76.0
1140,2014-06-19
1141,77.0
1142,2014-06-20
1143,74.0
1144,2014-06-21
1145,78.0
1146,2014-06-23
1147,77.0
1148,2014-06-24
1149,77.0
1150,2014-06-25
1151,74.0
1152,2014-06-26
1153,74.0
1154,2014-06-27
1155,78.0
1156,2014-06-29
1157,79.0
1158,2014-06-30
1159,79.0
1160,2015-06-01
1161,78.0
1162,2015-06-03
1163,75.0
1164,2015-06-04
1165,76.0
1166,2015-06-05
1167,78.0
1168,2015-06-06
1169,78.0
1170,2015-06-08
1171,74.0
1172,2015-06-09
1173,78.0
1174,2015-06-10
1175,77.0
1176,2015-06-11
1177,76.0
1178,2015-06-12
1179,78.0
1180,2015-06-14
1181,78.0
1182,2015-06-15
1183,78.0
1184,2015-06-16
1185,78.0
1186,2015-06-17
1187,74.0
1188,2015-06-18
1189,79.0
1190,2015-06-19
1191,77.0
1192,2015-06-20
1193,73.0
1194,2015-06-21
1195,79.0
1196,2015-06-22
1197,79.0
1198,2015-06-23
1199,78.0
1200,2015-06-24
1201,77.0
1202,2015-06-25
1203,78.0
1204,2015-06-26
1205,78.0
1206,2015-06-27
1207,80.0
1208,2015-06-28
1209,80.0
1210,2015-06-29
1211,79.0
1212,2015-06-30
1213,74.0
1214,2016-06-01
1215,71.0
1216,2016-06-02
1217,74.0
1218,2016-06-03
1219,75.0
1220,2016-06-07
1221,75.0
1222,2016-06-08
1223,74.0
1224,2016-06-09
1225,76.0
1226,2016-06-10
1227,75.0
1228,2016-06-11
1229,77.0
1230,2016-06-12
1231,77.0
1232,2016-06-13
1233,79.0
1234,2016-06-14
1235,79.0
1236,2016-06-15
1237,78.0
1238,2016-06-16
1239,79.0
1240,2016-06-17
1241,73.0
1242,2016-06-18
1243,78.0
1244,2016-06-19
1245,79.0
1246,2016-06-20
1247,80.0
1248,2016-06-21
1249,76.0
1250,2016-06-22
1251,79.0
1252,2016-06-23
1253,79.0
1254,2016-06-24
1255,77.0
1256,2016-06-25
1257,80.0
1258,2016-06-26
1259,79.0
1260,2016-06-27
1261,78.0
1262,2016-06-28
1263,78.0
1264,2016-06-29
1265,79.0
1266,2016-06-30
1267,78.0
1268,2017-06-01
1269,81.0
1270,2017-06-02
1271,78.0
1272,2017-06-03
1273,80.0
1274,2017-06-04
1275,79.0
1276,2017-06-05
1277,81.0
1278,2017-06-06
1279,80.0
1280,2017-06-07
1281,81.0
1282,2017-06-08
1283,79.0
1284,2017-06-09
1285,81.0
1286,2017-06-10
1287,78.0
1288,2017-06-11
1289,79.0
1290,2017-06-12
1291,79.0
1292,2017-06-13
1293,75.0
1294,2017-06-14
1295,79.0
1296,2017-06-15
1297,78.0
1298,2017-06-16
1299,80.0
1300,2017-06-17
1301,78.0
1302,2017-06-18
1303,77.0
1304,2017-06-19
1305,78.0
1306,2017-06-20
1307,79.0
1308,2017-06-23
1309,76.0
1310,2017-06-26
1311,80.0
1312,2017-06-29
1313,76.0
1314,2017-06-30
1315,81.0
1316,2010-06-01
1317,77.0
1318,2010-06-02
1319,76.0
1320,2010-06-03
1321,77.0
1322,2010-06-04
1323,75.0
1324,2010-06-07
1325,76.0
1326,2010-06-08
1327,79.0
1328,2010-06-09
1329,79.0
1330,2010-06-10
1331,77.0
1332,2010-06-15
1333,76.0
1334,2010-06-16
1335,77.0
1336,2010-06-17
1337,76.0
1338,2010-06-18
1339,73.0
1340,2010-06-21
1341,76.0
1342,2010-06-22
1343,77.0
1344,2010-06-23
1345,77.0
1346,2010-06-24
1347,78.0
1348,2010-06-25
1349,77.0
1350,2010-06-28
1351,76.0
1352,2010-06-29
1353,78.0
1354,2010-06-30
1355,78.0
1356,2011-06-01
1357,75.0
1358,2011-06-02
1359,77.0
1360,2011-06-03
1361,65.0
1362,2011-06-06
1363,76.0
1364,2011-06-07
1365,74.0
1366,2011-06-08
1367,76.0
1368,2011-06-09
1369,76.0
1370,2011-06-13
1371,77.0
1372,2011-06-14
1373,77.0
1374,2011-06-15
1375,76.0
1376,2011-06-16
1377,77.0
1378,2011-06-17
1379,76.0
1380,2011-06-20
1381,77.0
1382,2011-06-21
1383,74.0
1384,2011-06-22
1385,76.0
1386,2011-06-23
1387,73.0
1388,2011-06-24
1389,75.0
1390,2011-06-27
1391,76.0
1392,2011-06-28
1393,75.0
1394,2011-06-29
1395,76.0
1396,2011-06-30
1397,75.0
1398,2012-06-01
1399,74.0
1400,2012-06-04
1401,74.0
1402,2012-06-05
1403,74.0
1404,2012-06-06
1405,74.0
1406,2012-06-07
1407,76.0
1408,2012-06-08
1409,76.0
1410,2012-06-12
1411,77.0
1412,2012-06-13
1413,77.0
1414,2012-06-14
1415,78.0
1416,2012-06-15
1417,73.0
1418,2012-06-18
1419,75.0
1420,2012-06-19
1421,72.0
1422,2012-06-20
1423,76.0
1424,2012-06-21
1425,76.0
1426,2012-06-22
1427,73.0
1428,2012-06-25
1429,74.0
1430,2012-06-26
1431,72.0
1432,2012-06-27
1433,76.0
1434,2012-06-28
1435,76.0
1436,2012-06-29
1437,76.0
1438,2013-06-03
1439,78.0
1440,2013-06-04
1441,78.0
1442,2013-06-05
1443,78.0
1444,2013-06-06
1445,78.0
1446,2013-06-07
1447,75.0
1448,2013-06-10
1449,77.0
1450,2013-06-12
1451,73.0
1452,2013-06-13
1453,78.0
1454,2013-06-14
1455,75.0
1456,2013-06-17
1457,73.0
1458,2013-06-18
1459,77.0
1460,2013-06-19
1461,80.0
1462,2013-06-20
1463,70.0
1464,2013-06-21
1465,78.0
1466,2013-06-25
1467,72.0
1468,2013-06-26
1469,78.0
1470,2013-06-27
1471,72.0
1472,2013-06-28
1473,78.0
1474,2014-06-02
1475,77.0
1476,2014-06-03
1477,79.0
1478,2014-06-04
1479,77.0
1480,2014-06-05
1481,78.0
1482,2014-06-06
1483,74.0
1484,2014-06-09
1485,79.0
1486,2014-06-10
1487,79.0
1488,2014-06-12
1489,79.0
1490,2014-06-13
1491,79.0
1492,2014-06-16
1493,77.0
1494,2014-06-17
1495,79.0
1496,2014-06-18
1497,78.0
1498,2014-06-19
1499,80.0
1500,2014-06-20
1501,81.0
1502,2014-06-27
1503,81.0
1504,2015-06-10
1505,78.0
1506,2015-06-12
1507,77.0
1508,2015-06-15
1509,78.0
1510,2015-06-16
1511,79.0
1512,2015-06-17
1513,77.0
1514,2015-06-18
1515,79.0
1516,2015-06-19
1517,80.0
1518,2015-06-22
1519,79.0
1520,2015-06-23
1521,78.0
1522,2015-06-24
1523,79.0
1524,2015-06-25
1525,79.0
1526,2015-06-29
1527,79.0
1528,2015-06-30
1529,81.0
1530,2016-06-01
1531,64.0
1532,2016-06-02
1533,65.0
1534,2016-06-03
1535,75.0
1536,2016-06-06
1537,76.0
1538,2016-06-07
1539,78.0
1540,2016-06-08
1541,77.0
1542,2016-06-09
1543,75.0
1544,2016-06-13
1545,78.0
1546,2016-06-14
1547,81.0
1548,2016-06-15
1549,78.0
1550,2016-06-16
1551,76.0
1552,2016-06-17
1553,73.0
1554,2016-06-20
1555,74.0
1556,2016-06-21
1557,76.0
1558,2016-06-22
1559,78.0
1560,2016-06-23
1561,79.0
1562,2016-06-24
1563,78.0
1564,2016-06-27
1565,72.0
1566,2016-06-28
1567,78.0
1568,2016-06-29
1569,80.0
1570,2016-06-30
1571,81.0
1572,2017-06-02
1573,79.0
1574,2017-06-05
1575,78.0
1576,2017-06-06
1577,80.0
1578,2017-06-07
1579,80.0
1580,2017-06-08
1581,78.0
1582,2017-06-09
1583,80.0
1584,2017-06-13
1585,81.0
1586,2017-06-14
1587,78.0
1588,2017-06-15
1589,77.0
1590,2017-06-16
1591,78.0
1592,2017-06-19
1593,78.0
1594,2017-06-20
1595,77.0
1596,2017-06-21
1597,76.0
1598,2017-06-22
1599,81.0
1600,2017-06-23
1601,76.0
1602,2017-06-26
1603,82.0
1604,2017-06-27
1605,80.0
1606,2017-06-28
1607,80.0
1608,2017-06-29
1609,79.0
1610,2017-06-30
1611,74.0
1612,2010-06-01
1613,69.0
1614,2010-06-02
1615,70.0
1616,2010-06-03
1617,67.0
1618,2010-06-04
1619,70.0
1620,2010-06-05
1621,73.0
1622,2010-06-06
1623,73.0
1624,2010-06-09
1625,72.0
1626,2010-06-10
1627,72.0
1628,2010-06-11
1629,77.0
1630,2010-06-12
1631,70.0
1632,2010-06-13
1633,78.0
1634,2010-06-15
1635,73.0
1636,2010-06-17
1637,75.0
1638,2010-06-18
1639,70.0
1640,2010-06-19
1641,74.0
1642,2010-06-20
1643,77.0
1644,2010-06-22
1645,69.0
1646,2010-06-23
1647,73.0
1648,2010-06-24
1649,73.0
1650,2010-06-25
1651,74.0
1652,2010-06-28
1653,73.0
1654,2010-06-29
1655,72.0
1656,2010-06-30
1657,75.0
1658,2011-06-08
1659,73.0
1660,2011-06-09
1661,76.0
1662,2011-06-12
1663,74.0
1664,2011-06-13
1665,76.0
1666,2011-06-14
1667,73.0
1668,2011-06-15
1669,76.0
1670,2011-06-16
1671,76.0
1672,2011-06-20
1673,78.0
1674,2011-06-21
1675,75.0
1676,2011-06-22
1677,77.0
1678,2012-06-01
1679,75.0
1680,2012-06-14
1681,73.0
1682,2012-06-21
1683,76.0
1684,2012-06-26
1685,71.0
1686,2012-06-29
1687,71.0
1688,2010-06-01
1689,76.0
1690,2010-06-02
1691,76.0
1692,2010-06-03
1693,76.0
1694,2010-06-04
1695,73.0
1696,2010-06-05
1697,78.0
1698,2010-06-06
1699,77.0
1700,2010-06-07
1701,77.0
1702,2010-06-08
1703,77.0
1704,2010-06-09
1705,78.0
1706,2010-06-10
1707,78.0
1708,2010-06-11
1709,76.0
1710,2010-06-12
1711,76.0
1712,2010-06-13
1713,79.0
1714,2010-06-14
1715,74.0
1716,2010-06-15
1717,75.0
1718,2010-06-16
1719,76.0
1720,2010-06-17
1721,75.0
1722,2010-06-18
1723,73.0
1724,2010-06-19
1725,76.0
1726,2010-06-20
1727,78.0
1728,2010-06-21
1729,76.0
1730,2010-06-22
1731,79.0
1732,2010-06-23
1733,77.0
1734,2010-06-24
1735,76.0
1736,2010-06-25
1737,74.0
1738,2010-06-26
1739,75.0
1740,2010-06-28
1741,76.0
1742,2010-06-29
1743,76.0
1744,2010-06-30
1745,76.0
1746,2011-06-01
1747,79.0
1748,2011-06-02
1749,76.0
1750,2011-06-03
1751,72.0
1752,2011-06-04
1753,71.0
1754,2011-06-05
1755,72.0
1756,2011-06-06
1757,76.0
1758,2011-06-07
1759,74.0
1760,2011-06-08
1761,75.0
1762,2011-06-09
1763,76.0
1764,2011-06-10
1765,77.0
1766,2011-06-11
1767,76.0
1768,2011-06-12
1769,75.0
1770,2011-06-13
1771,76.0
1772,2011-06-14
1773,76.0
1774,2011-06-15
1775,76.0
1776,2011-06-16
1777,75.0
1778,2011-06-17
1779,76.0
1780,2011-06-18
1781,76.0
1782,2011-06-19
1783,79.0
1784,2011-06-20
1785,74.0
1786,2011-06-21
1787,73.0
1788,2011-06-22
1789,75.0
1790,2011-06-23
1791,74.0
1792,2011-06-24
1793,75.0
1794,2011-06-25
1795,76.0
1796,2011-06-26
1797,72.0
1798,2011-06-27
1799,74.0
1800,2011-06-28
1801,74.0
1802,2011-06-29
1803,75.0
1804,2011-06-30
1805,75.0
1806,2012-06-01
1807,74.0
1808,2012-06-02
1809,75.0
1810,2012-06-03
1811,77.0
1812,2012-06-04
1813,75.0
1814,2012-06-05
1815,74.0
1816,2012-06-06
1817,75.0
1818,2012-06-07
1819,74.0
1820,2012-06-08
1821,75.0
1822,2012-06-09
1823,73.0
1824,2012-06-10
1825,75.0
1826,2012-06-11
1827,76.0
1828,2012-06-12
1829,76.0
1830,2012-06-13
1831,76.0
1832,2012-06-14
1833,79.0
1834,2012-06-15
1835,74.0
1836,2012-06-16
1837,78.0
1838,2012-06-17
1839,80.0
1840,2012-06-18
1841,75.0
1842,2012-06-19
1843,72.0
1844,2012-06-20
1845,72.0
1846,2012-06-21
1847,74.0
1848,2012-06-22
1849,78.0
1850,2012-06-23
1851,76.0
1852,2012-06-24
1853,77.0
1854,2012-06-25
1855,72.0
1856,2012-06-26
1857,72.0
1858,2012-06-27
1859,73.0
1860,2012-06-28
1861,75.0
1862,2012-06-29
1863,79.0
1864,2012-06-30
1865,81.0
1866,2013-06-01
1867,76.0
1868,2013-06-02
1869,76.0
1870,2013-06-03
1871,77.0
1872,2013-06-04
1873,78.0
1874,2013-06-05
1875,79.0
1876,2013-06-06
1877,79.0
1878,2013-06-07
1879,75.0
1880,2013-06-08
1881,79.0
1882,2013-06-09
1883,79.0
1884,2013-06-10
1885,75.0
1886,2013-06-11
1887,77.0
1888,2013-06-12
1889,81.0
1890,2013-06-13
1891,76.0
1892,2013-06-14
1893,75.0
1894,2013-06-15
1895,78.0
1896,2013-06-16
1897,81.0
1898,2013-06-17
1899,76.0
1900,2013-06-18
1901,76.0
1902,2013-06-19
1903,76.0
1904,2013-06-20
1905,72.0
1906,2013-06-21
1907,73.0
1908,2013-06-22
1909,74.0
1910,2013-06-23
1911,74.0
1912,2013-06-24
1913,75.0
1914,2013-06-25
1915,73.0
1916,2013-06-26
1917,73.0
1918,2013-06-27
1919,76.0
1920,2013-06-29
1921,73.0
1922,2013-06-30
1923,79.0
1924,2014-06-01
1925,78.0
1926,2014-06-02
1927,76.0
1928,2014-06-04
1929,76.0
1930,2014-06-05
1931,76.0
1932,2014-06-06
1933,77.0
1934,2014-06-07
1935,79.0
1936,2014-06-08
1937,80.0
1938,2014-06-09
1939,78.0
1940,2014-06-10
1941,76.0
1942,2014-06-11
1943,78.0
1944,2014-06-12
1945,78.0
1946,2014-06-13
1947,77.0
1948,2014-06-14
1949,79.0
1950,2014-06-15
1951,79.0
1952,2014-06-16
1953,75.0
1954,2014-06-18
1955,76.0
1956,2014-06-19
1957,77.0
1958,2014-06-20
1959,74.0
1960,2014-06-21
1961,77.0
1962,2014-06-22
1963,76.0
1964,2014-06-23
1965,76.0
1966,2014-06-24
1967,75.0
1968,2014-06-25
1969,74.0
1970,2014-06-26
1971,79.0
1972,2014-06-28
1973,76.0
1974,2014-06-29
1975,74.0
1976,2014-06-30
1977,76.0
1978,2015-06-01
1979,77.0
1980,2015-06-02
1981,78.0
1982,2015-06-03
1983,77.0
1984,2015-06-04
1985,75.0
1986,2015-06-05
1987,75.0
1988,2015-06-06
1989,80.0
1990,2015-06-07
1991,77.0
1992,2015-06-08
1993,77.0
1994,2015-06-09
1995,77.0
1996,2015-06-10
1997,80.0
1998,2015-06-11
1999,76.0
2000,2015-06-12
2001,78.0
2002,2015-06-13
2003,77.0
2004,2015-06-14
2005,79.0
2006,2015-06-15
2007,79.0
2008,2015-06-16
2009,77.0
2010,2015-06-17
2011,75.0
2012,2015-06-18
2013,76.0
2014,2015-06-19
2015,78.0
2016,2015-06-20
2017,78.0
2018,2015-06-21
2019,80.0
2020,2015-06-22
2021,78.0
2022,2015-06-23
2023,79.0
2024,2015-06-24
2025,79.0
2026,2015-06-25
2027,77.0
2028,2015-06-26
2029,77.0
2030,2015-06-27
2031,81.0
2032,2015-06-29
2033,75.0
2034,2015-06-30
2035,72.0
2036,2016-06-01
2037,75.0
2038,2016-06-02
2039,75.0
2040,2016-06-03
2041,75.0
2042,2016-06-04
2043,75.0
2044,2016-06-05
2045,73.0
2046,2016-06-06
2047,78.0
2048,2016-06-07
2049,77.0
2050,2016-06-08
2051,80.0
2052,2016-06-09
2053,72.0
2054,2016-06-10
2055,78.0
2056,2016-06-11
2057,78.0
2058,2016-06-12
2059,77.0
2060,2016-06-13
2061,78.0
2062,2016-06-14
2063,79.0
2064,2016-06-15
2065,80.0
2066,2016-06-17
2067,76.0
2068,2016-06-18
2069,77.0
2070,2016-06-19
2071,79.0
2072,2016-06-20
2073,79.0
2074,2016-06-21
2075,77.0
2076,2016-06-22
2077,79.0
2078,2016-06-23
2079,80.0
2080,2016-06-24
2081,80.0
2082,2016-06-25
2083,77.0
2084,2016-06-26
2085,79.0
2086,2016-06-27
2087,81.0
2088,2016-06-28
2089,78.0
2090,2016-06-29
2091,80.0
2092,2016-06-30
2093,79.0
2094,2017-06-01
2095,79.0
2096,2017-06-02
2097,81.0
2098,2017-06-03
2099,79.0
2100,2017-06-04
2101,81.0
2102,2017-06-05
2103,78.0
2104,2017-06-06
2105,78.0
2106,2017-06-07
2107,78.0
2108,2017-06-08
2109,77.0
2110,2017-06-09
2111,78.0
2112,2017-06-10
2113,75.0
2114,2017-06-11
2115,81.0
2116,2017-06-12
2117,80.0
2118,2017-06-13
2119,77.0
2120,2017-06-14
2121,80.0
2122,2017-06-15
2123,78.0
2124,2017-06-16
2125,80.0
2126,2017-06-17
2127,77.0
2128,2017-06-18
2129,78.0
2130,2017-06-19
2131,78.0
2132,2017-06-21
2133,80.0
2134,2017-06-22
2135,80.0
2136,2017-06-23
2137,79.0
2138,2017-06-24
2139,82.0
2140,2017-06-25
2141,80.0
2142,2017-06-26
2143,81.0
2144,2017-06-27
2145,81.0
2146,2017-06-28
2147,79.0
2148,2017-06-29
2149,78.0
2150,2017-06-30
2151,75.0
2152,2010-06-01
2153,71.0
2154,2010-06-02
2155,71.0
2156,2010-06-03
2157,72.0
2158,2010-06-04
2159,72.0
2160,2010-06-05
2161,76.0
2162,2010-06-06
2163,77.0
2164,2010-06-07
2165,71.0
2166,2010-06-08
2167,73.0
2168,2010-06-09
2169,73.0
2170,2010-06-10
2171,75.0
2172,2010-06-11
2173,81.0
2174,2010-06-12
2175,74.0
2176,2010-06-13
2177,77.0
2178,2010-06-14
2179,70.0
2180,2010-06-15
2181,69.0
2182,2010-06-16
2183,70.0
2184,2010-06-17
2185,72.0
2186,2010-06-18
2187,71.0
2188,2010-06-19
2189,77.0
2190,2010-06-20
2191,76.0
2192,2010-06-21
2193,74.0
2194,2010-06-22
2195,74.0
2196,2010-06-23
2197,74.0
2198,2010-06-24
2199,74.0
2200,2010-06-25
2201,71.0
2202,2010-06-26
2203,80.0
2204,2010-06-27
2205,77.0
2206,2010-06-28
2207,72.0
2208,2010-06-29
2209,72.0
2210,2010-06-30
2211,73.0
2212,2011-06-01
2213,72.0
2214,2011-06-02
2215,73.0
2216,2011-06-03
2217,73.0
2218,2011-06-08
2219,77.0
2220,2011-06-09
2221,76.0
2222,2011-06-10
2223,79.0
2224,2011-06-11
2225,78.0
2226,2011-06-12
2227,82.0
2228,2011-06-13
2229,79.0
2230,2011-06-14
2231,76.0
2232,2011-06-15
2233,74.0
2234,2011-06-16
2235,74.0
2236,2011-06-17
2237,73.0
2238,2011-06-18
2239,79.0
2240,2011-06-19
2241,77.0
2242,2011-06-20
2243,73.0
2244,2011-06-21
2245,72.0
2246,2011-06-22
2247,72.0
2248,2011-06-23
2249,73.0
2250,2011-06-24
2251,74.0
2252,2011-06-25
2253,77.0
2254,2011-06-26
2255,73.0
2256,2011-06-27
2257,73.0
2258,2011-06-28
2259,72.0
2260,2011-06-29
2261,72.0
2262,2011-06-30
2263,67.0
2264,2012-06-01
2265,71.0
2266,2012-06-02
2267,73.0
2268,2012-06-03
2269,78.0
2270,2012-06-04
2271,71.0
2272,2012-06-05
2273,72.0
2274,2012-06-06
2275,70.0
2276,2012-06-07
2277,72.0
2278,2012-06-08
2279,73.0
2280,2012-06-09
2281,74.0
2282,2012-06-10
2283,81.0
2284,2012-06-11
2285,72.0
2286,2012-06-12
2287,77.0
2288,2012-06-13
2289,69.0
2290,2012-06-14
2291,69.0
2292,2012-06-15
2293,69.0
2294,2012-06-16
2295,78.0
2296,2012-06-17
2297,78.0
2298,2012-06-18
2299,73.0
2300,2012-06-19
2301,72.0
2302,2012-06-20
2303,71.0
2304,2012-06-21
2305,72.0
2306,2012-06-22
2307,72.0
2308,2012-06-23
2309,73.0
2310,2012-06-24
2311,71.0
2312,2012-06-25
2313,70.0
2314,2012-06-26
2315,71.0
2316,2012-06-27
2317,68.0
2318,2012-06-28
2319,72.0
2320,2012-06-29
2321,71.0
2322,2012-06-30
2323,78.0
2324,2013-06-01
2325,81.0
2326,2013-06-02
2327,74.0
2328,2013-06-03
2329,74.0
2330,2013-06-04
2331,73.0
2332,2013-06-05
2333,73.0
2334,2013-06-06
2335,72.0
2336,2013-06-07
2337,73.0
2338,2013-06-08
2339,77.0
2340,2013-06-09
2341,73.0
2342,2013-06-10
2343,73.0
2344,2013-06-11
2345,75.0
2346,2013-06-12
2347,72.0
2348,2013-06-13
2349,72.0
2350,2013-06-14
2351,73.0
2352,2013-06-15
2353,73.0
2354,2013-06-16
2355,75.0
2356,2013-06-17
2357,72.0
2358,2013-06-18
2359,73.0
2360,2013-06-19
2361,70.0
2362,2013-06-20
2363,69.0
2364,2013-06-21
2365,68.0
2366,2013-06-22
2367,75.0
2368,2013-06-23
2369,74.0
2370,2013-06-24
2371,73.0
2372,2013-06-25
2373,70.0
2374,2013-06-26
2375,70.0
2376,2013-06-27
2377,71.0
2378,2013-06-28
2379,70.0
2380,2013-06-29
2381,70.0
2382,2013-06-30
2383,75.0
2384,2014-06-01
2385,74.0
2386,2014-06-02
2387,72.0
2388,2014-06-03
2389,74.0
2390,2014-06-04
2391,73.0
2392,2014-06-05
2393,73.0
2394,2014-06-06
2395,70.0
2396,2014-06-07
2397,73.0
2398,2014-06-08
2399,75.0
2400,2014-06-09
2401,73.0
2402,2014-06-10
2403,69.0
2404,2014-06-11
2405,80.0
2406,2014-06-12
2407,73.0
2408,2014-06-13
2409,72.0
2410,2014-06-14
2411,80.0
2412,2014-06-15
2413,80.0
2414,2014-06-16
2415,69.0
2416,2014-06-17
2417,70.0
2418,2014-06-18
2419,69.0
2420,2014-06-19
2421,72.0
2422,2014-06-20
2423,68.0
2424,2014-06-21
2425,74.0
2426,2014-06-22
2427,75.0
2428,2014-06-23
2429,70.0
2430,2014-06-24
2431,70.0
2432,2014-06-25
2433,72.0
2434,2014-06-26
2435,71.0
2436,2014-06-27
2437,70.0
2438,2014-06-28
2439,77.0
2440,2014-06-29
2441,73.0
2442,2014-06-30
2443,71.0
2444,2015-06-01
2445,76.0
2446,2015-06-02
2447,68.0
2448,2015-06-03
2449,71.0
2450,2015-06-04
2451,70.0
2452,2015-06-05
2453,68.0
2454,2015-06-06
2455,79.0
2456,2015-06-07
2457,75.0
2458,2015-06-08
2459,71.0
2460,2015-06-09
2461,69.0
2462,2015-06-10
2463,71.0
2464,2015-06-11
2465,72.0
2466,2015-06-12
2467,69.0
2468,2015-06-13
2469,72.0
2470,2015-06-14
2471,75.0
2472,2015-06-15
2473,71.0
2474,2015-06-16
2475,72.0
2476,2015-06-17
2477,70.0
2478,2015-06-18
2479,71.0
2480,2015-06-19
2481,72.0
2482,2015-06-20
2483,75.0
2484,2015-06-21
2485,75.0
2486,2015-06-22
2487,71.0
2488,2015-06-23
2489,73.0
2490,2015-06-24
2491,71.0
2492,2015-06-25
2493,71.0
2494,2015-06-26
2495,74.0
2496,2015-06-27
2497,74.0
2498,2015-06-28
2499,78.0
2500,2015-06-29
2501,72.0
2502,2015-06-30
2503,69.0
2504,2016-06-01
2505,69.0
2506,2016-06-02
2507,67.0
2508,2016-06-03
2509,68.0
2510,2016-06-04
2511,65.0
2512,2016-06-05
2513,70.0
2514,2016-06-06
2515,72.0
2516,2016-06-07
2517,74.0
2518,2016-06-08
2519,73.0
2520,2016-06-09
2521,71.0
2522,2016-06-10
2523,75.0
2524,2016-06-11
2525,72.0
2526,2016-06-12
2527,75.0
2528,2016-06-13
2529,76.0
2530,2016-06-14
2531,75.0
2532,2016-06-15
2533,76.0
2534,2016-06-16
2535,75.0
2536,2016-06-17
2537,71.0
2538,2016-06-18
2539,75.0
2540,2016-06-19
2541,75.0
2542,2016-06-20
2543,72.0
2544,2016-06-21
2545,72.0
2546,2016-06-22
2547,75.0
2548,2016-06-23
2549,73.0
2550,2016-06-24
2551,76.0
2552,2016-06-25
2553,74.0
2554,2016-06-26
2555,77.0
2556,2016-06-27
2557,72.0
2558,2016-06-28
2559,71.0
2560,2016-06-29
2561,76.0
2562,2016-06-30
2563,77.0
2564,2017-06-01
2565,80.0
2566,2017-06-02
2567,76.0
2568,2017-06-03
2569,76.0
2570,2017-06-04
2571,77.0
2572,2017-06-05
2573,75.0
2574,2017-06-06
2575,75.0
2576,2017-06-07
2577,75.0
2578,2017-06-08
2579,75.0
2580,2017-06-09
2581,72.0
2582,2017-06-10
2583,74.0
2584,2017-06-11
2585,74.0
2586,2017-06-12
2587,74.0
2588,2017-06-13
2589,76.0
2590,2017-06-14
2591,74.0
2592,2017-06-15
2593,75.0
2594,2017-06-16
2595,73.0
2596,2017-06-17
2597,79.0
2598,2017-06-18
2599,75.0
2600,2017-06-19
2601,72.0
2602,2017-06-20
2603,72.0
2604,2017-06-21
2605,74.0
2606,2017-06-22
2607,72.0
2608,2017-06-23
2609,72.0
2610,2017-06-24
2611,77.0
2612,2017-06-25
2613,71.0
2614,2017-06-26
2615,73.0
2616,2017-06-27
2617,76.0
2618,2017-06-28
2619,77.0
2620,2017-06-29
2621,76.0
2622,2017-06-30
2623,76.0
2624,2010-06-01
2625,74.0
2626,2010-06-02
2627,76.0
2628,2010-06-03
2629,78.0
2630,2010-06-04
2631,74.0
2632,2010-06-05
2633,79.0
2634,2010-06-06
2635,79.0
2636,2010-06-07
2637,69.0
2638,2010-06-08
2639,77.0
2640,2010-06-09
2641,80.0
2642,2010-06-10
2643,75.0
2644,2010-06-11
2645,75.0
2646,2010-06-12
2647,78.0
2648,2010-06-14
2649,71.0
2650,2010-06-15
2651,76.0
2652,2010-06-16
2653,74.0
2654,2010-06-17
2655,78.0
2656,2010-06-18
2657,72.0
2658,2010-06-19
2659,78.0
2660,2010-06-20
2661,85.0
2662,2010-06-21
2663,77.0
2664,2010-06-22
2665,76.0
2666,2010-06-23
2667,76.0
2668,2010-06-24
2669,75.0
2670,2010-06-25
2671,71.0
2672,2010-06-26
2673,70.0
2674,2010-06-27
2675,80.0
2676,2010-06-28
2677,77.0
2678,2010-06-29
2679,70.0
2680,2010-06-30
2681,73.0
2682,2011-06-01
2683,73.0
2684,2011-06-02
2685,76.0
2686,2011-06-03
2687,70.0
2688,2011-06-04
2689,71.0
2690,2011-06-05
2691,80.0
2692,2011-06-06
2693,70.0
2694,2011-06-07
2695,68.0
2696,2011-06-08
2697,74.0
2698,2011-06-09
2699,75.0
2700,2011-06-10
2701,75.0
2702,2011-06-11
2703,78.0
2704,2011-06-12
2705,76.0
2706,2011-06-13
2707,69.0
2708,2011-06-14
2709,73.0
2710,2011-06-15
2711,76.0
2712,2011-06-16
2713,72.0
2714,2011-06-17
2715,72.0
2716,2011-06-18
2717,80.0
2718,2011-06-19
2719,76.0
2720,2011-06-20
2721,71.0
2722,2011-06-21
2723,68.0
2724,2011-06-22
2725,71.0
2726,2011-06-23
2727,72.0
2728,2011-06-24
2729,75.0
2730,2011-06-25
2731,80.0
2732,2011-06-26
2733,75.0
2734,2011-06-27
2735,74.0
2736,2011-06-28
2737,74.0
2738,2011-06-29
2739,69.0
2740,2011-06-30
2741,70.0
2742,2012-06-01
2743,73.0
2744,2012-06-02
2745,76.0
2746,2012-06-03
2747,76.0
2748,2012-06-04
2749,74.0
2750,2012-06-05
2751,71.0
2752,2012-06-06
2753,72.0
2754,2012-06-07
2755,73.0
2756,2012-06-08
2757,77.0
2758,2012-06-09
2759,77.0
2760,2012-06-10
2761,77.0
2762,2012-06-11
2763,79.0
2764,2012-06-12
2765,77.0
2766,2012-06-13
2767,77.0
2768,2012-06-14
2769,78.0
2770,2012-06-16
2771,78.0
2772,2012-06-17
2773,81.0
2774,2012-06-18
2775,76.0
2776,2012-06-19
2777,74.0
2778,2012-06-20
2779,71.0
2780,2012-06-21
2781,78.0
2782,2012-06-22
2783,71.0
2784,2012-06-23
2785,76.0
2786,2012-06-24
2787,81.0
2788,2012-06-25
2789,73.0
2790,2012-06-26
2791,72.0
2792,2012-06-27
2793,72.0
2794,2012-06-28
2795,74.0
2796,2012-06-29
2797,72.0
2798,2012-06-30
2799,79.0
2800,2013-06-01
2801,80.0
2802,2013-06-02
2803,81.0
2804,2013-06-03
2805,75.0
2806,2013-06-04
2807,80.0
2808,2013-06-05
2809,73.0
2810,2013-06-06
2811,74.0
2812,2013-06-07
2813,73.0
2814,2013-06-08
2815,81.0
2816,2013-06-09
2817,79.0
2818,2013-06-10
2819,78.0
2820,2013-06-11
2821,74.0
2822,2013-06-12
2823,74.0
2824,2013-06-13
2825,73.0
2826,2013-06-14
2827,73.0
2828,2013-06-15
2829,77.0
2830,2013-06-16
2831,77.0
2832,2013-06-17
2833,74.0
2834,2013-06-18
2835,73.0
2836,2013-06-19
2837,70.0
2838,2013-06-20
2839,69.0
2840,2013-06-21
2841,72.0
2842,2013-06-22
2843,79.0
2844,2013-06-23
2845,77.0
2846,2013-06-24
2847,70.0
2848,2013-06-25
2849,71.0
2850,2013-06-26
2851,67.0
2852,2013-06-27
2853,66.0
2854,2013-06-28
2855,78.0
2856,2013-06-29
2857,80.0
2858,2013-06-30
2859,80.0
2860,2014-06-01
2861,79.0
2862,2014-06-02
2863,68.0
2864,2014-06-03
2865,67.0
2866,2014-06-04
2867,71.0
2868,2014-06-06
2869,72.0
2870,2014-06-07
2871,79.0
2872,2014-06-08
2873,80.0
2874,2014-06-09
2875,72.0
2876,2014-06-10
2877,68.0
2878,2014-06-11
2879,84.0
2880,2014-06-12
2881,82.0
2882,2014-06-13
2883,79.0
2884,2014-06-14
2885,78.0
2886,2014-06-15
2887,81.0
2888,2014-06-16
2889,77.0
2890,2014-06-17
2891,71.0
2892,2014-06-18
2893,69.0
2894,2014-06-19
2895,73.0
2896,2014-06-20
2897,68.0
2898,2014-06-21
2899,75.0
2900,2014-06-22
2901,79.0
2902,2014-06-23
2903,70.0
2904,2014-06-24
2905,70.0
2906,2014-06-25
2907,73.0
2908,2014-06-26
2909,71.0
2910,2014-06-27
2911,68.0
2912,2014-06-29
2913,78.0
2914,2014-06-30
2915,69.0
2916,2015-06-01
2917,70.0
2918,2015-06-02
2919,67.0
2920,2015-06-03
2921,68.0
2922,2015-06-04
2923,68.0
2924,2015-06-05
2925,71.0
2926,2015-06-08
2927,74.0
2928,2015-06-09
2929,69.0
2930,2015-06-11
2931,69.0
2932,2015-06-12
2933,66.0
2934,2015-06-15
2935,67.0
2936,2015-06-16
2937,69.0
2938,2015-06-17
2939,72.0
2940,2015-06-18
2941,72.0
2942,2015-06-19
2943,72.0
2944,2015-06-22
2945,70.0
2946,2015-06-23
2947,75.0
2948,2015-06-24
2949,73.0
2950,2015-06-25
2951,70.0
2952,2015-06-26
2953,71.0
2954,2010-06-01
2955,70.0
2956,2010-06-02
2957,78.0
2958,2010-06-03
2959,73.0
2960,2010-06-04
2961,68.0
2962,2010-06-05
2963,79.0
2964,2010-06-06
2965,74.0
2966,2010-06-07
2967,75.0
2968,2010-06-08
2969,71.0
2970,2010-06-09
2971,75.0
2972,2010-06-14
2973,76.0
2974,2010-06-16
2975,73.0
2976,2010-06-17
2977,73.0
2978,2010-06-19
2979,74.0
2980,2010-06-22
2981,72.0
2982,2010-06-23
2983,72.0
2984,2010-06-24
2985,72.0
2986,2010-06-25
2987,70.0
2988,2010-06-26
2989,69.0
2990,2010-06-27
2991,73.0
2992,2010-06-28
2993,71.0
2994,2010-06-29
2995,73.0
2996,2010-06-30
2997,72.0
2998,2011-06-01
2999,69.0
3000,2011-06-02
3001,72.0
3002,2011-06-03
3003,66.0
3004,2011-06-04
3005,67.0
3006,2011-06-05
3007,71.0
3008,2011-06-06
3009,71.0
3010,2011-06-07
3011,72.0
3012,2011-06-08
3013,72.0
3014,2011-06-09
3015,71.0
3016,2011-06-10
3017,71.0
3018,2011-06-11
3019,71.0
3020,2011-06-12
3021,69.0
3022,2011-06-13
3023,68.0
3024,2011-06-14
3025,71.0
3026,2011-06-15
3027,73.0
3028,2011-06-16
3029,72.0
3030,2011-06-17
3031,74.0
3032,2011-06-18
3033,70.0
3034,2011-06-19
3035,72.0
3036,2011-06-20
3037,71.0
3038,2011-06-21
3039,71.0
3040,2011-06-22
3041,70.0
3042,2011-06-23
3043,70.0
3044,2011-06-24
3045,69.0
3046,2011-06-25
3047,74.0
3048,2011-06-26
3049,69.0
3050,2011-06-27
3051,72.0
3052,2011-06-28
3053,70.0
3054,2011-06-29
3055,72.0
3056,2011-06-30
3057,72.0
3058,2012-06-01
3059,69.0
3060,2012-06-02
3061,73.0
3062,2012-06-03
3063,71.0
3064,2012-06-04
3065,72.0
3066,2012-06-05
3067,71.0
3068,2012-06-06
3069,72.0
3070,2012-06-07
3071,71.0
3072,2012-06-08
3073,74.0
3074,2012-06-09
3075,74.0
3076,2012-06-10
3077,75.0
3078,2012-06-11
3079,69.0
3080,2012-06-12
3081,75.0
3082,2012-06-13
3083,70.0
3084,2012-06-14
3085,73.0
3086,2012-06-15
3087,72.0
3088,2012-06-16
3089,70.0
3090,2012-06-17
3091,73.0
3092,2012-06-18
3093,71.0
3094,2012-06-19
3095,70.0
3096,2012-06-20
3097,69.0
3098,2012-06-21
3099,71.0
3100,2012-06-23
3101,68.0
3102,2012-06-24
3103,68.0
3104,2012-06-25
3105,68.0
3106,2012-06-26
3107,69.0
3108,2012-06-27
3109,69.0
3110,2012-06-28
3111,69.0
3112,2012-06-29
3113,71.0
3114,2013-06-01
3115,78.0
3116,2013-06-02
3117,72.0
3118,2013-06-03
3119,73.0
3120,2013-06-04
3121,71.0
3122,2013-06-05
3123,72.0
3124,2013-06-06
3125,72.0
3126,2013-06-07
3127,71.0
3128,2013-06-08
3129,74.0
3130,2013-06-09
3131,71.0
3132,2013-06-10
3133,72.0
3134,2013-06-11
3135,72.0
3136,2013-06-12
3137,74.0
3138,2013-06-13
3139,72.0
3140,2013-06-14
3141,69.0
3142,2013-06-15
3143,70.0
3144,2013-06-16
3145,76.0
3146,2013-06-17
3147,70.0
3148,2013-06-18
3149,71.0
3150,2013-06-19
3151,73.0
3152,2013-06-20
3153,68.0
3154,2013-06-21
3155,68.0
3156,2013-06-22
3157,69.0
3158,2013-06-23
3159,70.0
3160,2013-06-24
3161,69.0
3162,2013-06-25
3163,69.0
3164,2013-06-26
3165,70.0
3166,2013-06-27
3167,71.0
3168,2013-06-28
3169,70.0
3170,2013-06-29
3171,67.0
3172,2013-06-30
3173,72.0
3174,2014-06-01
3175,72.0
3176,2014-06-02
3177,75.0
3178,2014-06-03
3179,73.0
3180,2014-06-04
3181,73.0
3182,2014-06-05
3183,72.0
3184,2014-06-06
3185,71.0
3186,2014-06-07
3187,77.0
3188,2014-06-08
3189,73.0
3190,2014-06-09
3191,70.0
3192,2014-06-10
3193,70.0
3194,2014-06-11
3195,76.0
3196,2014-06-12
3197,72.0
3198,2014-06-13
3199,73.0
3200,2014-06-14
3201,77.0
3202,2014-06-15
3203,73.0
3204,2014-06-16
3205,70.0
3206,2014-06-17
3207,68.0
3208,2014-06-18
3209,69.0
3210,2014-06-19
3211,70.0
3212,2014-06-20
3213,70.0
3214,2014-06-21
3215,73.0
3216,2014-06-22
3217,70.0
3218,2014-06-23
3219,69.0
3220,2014-06-24
3221,71.0
3222,2014-06-25
3223,70.0
3224,2014-06-26
3225,70.0
3226,2014-06-27
3227,72.0
3228,2014-06-28
3229,71.0
3230,2014-06-29
3231,70.0
3232,2015-06-01
3233,69.0
3234,2015-06-02
3235,72.0
3236,2015-06-03
3237,72.0
3238,2015-06-04
3239,71.0
3240,2015-06-05
3241,76.0
3242,2015-06-06
3243,71.0
3244,2015-06-07
3245,72.0
3246,2015-06-08
3247,70.0
3248,2015-06-09
3249,72.0
3250,2015-06-10
3251,72.0
3252,2015-06-12
3253,71.0
3254,2015-06-13
3255,72.0
3256,2015-06-14
3257,69.0
3258,2015-06-15
3259,70.0
3260,2015-06-16
3261,73.0
3262,2015-06-17
3263,70.0
3264,2015-06-18
3265,72.0
3266,2015-06-19
3267,72.0
3268,2015-06-20
3269,71.0
3270,2015-06-21
3271,73.0
3272,2015-06-22
3273,72.0
3274,2015-06-23
3275,73.0
3276,2015-06-24
3277,72.0
3278,2015-06-25
3279,71.0
3280,2015-06-26
3281,70.0
3282,2015-06-27
3283,75.0
3284,2015-06-28
3285,72.0
3286,2015-06-29
3287,70.0
3288,2015-06-30
3289,72.0
3290,2016-06-01
3291,70.0
3292,2016-06-02
3293,71.0
3294,2016-06-03
3295,70.0
3296,2016-06-05
3297,73.0
3298,2016-06-06
3299,72.0
3300,2016-06-07
3301,71.0
3302,2016-06-08
3303,71.0
3304,2016-06-09
3305,69.0
3306,2016-06-10
3307,70.0
3308,2016-06-11
3309,73.0
3310,2016-06-12
3311,75.0
3312,2016-06-13
3313,73.0
3314,2016-06-14
3315,72.0
3316,2016-06-15
3317,70.0
3318,2016-06-16
3319,70.0
3320,2016-06-17
3321,69.0
3322,2016-06-18
3323,73.0
3324,2016-06-19
3325,74.0
3326,2016-06-20
3327,72.0
3328,2016-06-21
3329,71.0
3330,2016-06-22
3331,73.0
3332,2016-06-23
3333,72.0
3334,2016-06-25
3335,73.0
3336,2016-06-26
3337,74.0
3338,2016-06-27
3339,72.0
3340,2016-06-28
3341,74.0
3342,2016-06-29
3343,72.0
3344,2017-06-01
3345,74.0
3346,2017-06-03
3347,74.0
3348,2017-06-04
3349,77.0
3350,2017-06-05
3351,74.0
3352,2017-06-06
3353,74.0
3354,2017-06-07
3355,79.0
3356,2017-06-08
3357,75.0
3358,2017-06-10
3359,72.0
3360,2017-06-11
3361,76.0
3362,2017-06-12
3363,74.0
3364,2017-06-13
3365,73.0
3366,2017-06-14
3367,74.0
3368,2017-06-15
3369,77.0
3370,2017-06-16
3371,74.0
3372,2017-06-17
3373,72.0
3374,2017-06-18
3375,77.0
3376,2017-06-19
3377,76.0
3378,2017-06-20
3379,74.0
3380,2017-06-21
3381,75.0
3382,2017-06-22
3383,76.0
3384,2017-06-23
3385,71.0
3386,2017-06-24
3387,73.0
3388,2017-06-25
3389,79.0
3390,2017-06-26
3391,79.0
3392,2017-06-27
3393,74.0
3394,2017-06-28
3395,74.0
3396,2017-06-29
3397,76.0
3398,2017-06-30
3399,75.0
